Anderson,Anderson
Anderson,Cherokee
Anderson,Freestone
Anderson,Henderson
Anderson,Houston
Anderson,Leon
Andrews,
Andrews,Andrews
Andrews,Ector
Andrews,Gaines
Andrews,Martin
Andrews,Midland
Andrews,Winkler
Angelina,Angelina
Angelina,Cherokee
Angelina,Houston
Angelina,Jasper
Angelina,Nacogdoches
Angelina,Polk
Angelina,San Augustine
Angelina,Trinity
Angelina,Tyler
Aransas,Aransas
Aransas,Calhoun
Aransas,Nueces
Aransas,Refugio
Aransas,San Patricio
Archer,Archer
Archer,Baylor
Archer,Clay
Archer,Jack
Archer,Throckmorton
Archer,Wichita
Archer,Wilbarger
Archer,Young
Armstrong,Armstrong
Armstrong,Briscoe
Armstrong,Carson
Armstrong,Donley
Armstrong,Gray
Armstrong,Potter
Armstrong,Randall
Armstrong,Swisher
Atascosa,Atascosa
Atascosa,Bexar
Atascosa,Frio
Atascosa,Karnes
Atascosa,La Salle
Atascosa,Live Oak
Atascosa,McMullen
Atascosa,Medina
Atascosa,Wilson
Austin,Austin
Austin,Colorado
Austin,Fayette
Austin,Fort Bend
Austin,Waller
Austin,Washington
Austin,Wharton
Bailey,
Bailey,
Bailey,Bailey
Bailey,Cochran
Bailey,Hockley
Bailey,Lamb
Bailey,Parmer
Bandera,Bandera
Bandera,Bexar
Bandera,Kendall
Bandera,Kerr
Bandera,Medina
Bandera,Real
Bandera,Uvalde
Bastrop,Bastrop
Bastrop,Caldwell
Bastrop,Fayette
Bastrop,Lee
Bastrop,Travis
Bastrop,Williamson
Baylor,Archer
Baylor,Baylor
Baylor,Foard
Baylor,Haskell
Baylor,Knox
Baylor,Throckmorton
Baylor,Wichita
Baylor,Wilbarger
Baylor,Young
Bee,Bee
Bee,Goliad
Bee,Karnes
Bee,Live Oak
Bee,Refugio
Bee,San Patricio
Bell,Bell
Bell,Burnet
Bell,Coryell
Bell,Falls
Bell,Lampasas
Bell,McLennan
Bell,Milam
Bell,Williamson
Bexar,Atascosa
Bexar,Bandera
Bexar,Bexar
Bexar,Comal
Bexar,Guadalupe
Bexar,Kendall
Bexar,Medina
Bexar,Wilson
Blanco,Blanco
Blanco,Burnet
Blanco,Comal
Blanco,Gillespie
Blanco,Hays
Blanco,Kendall
Blanco,Llano
Blanco,Travis
Borden,Borden
Borden,Dawson
Borden,Garza
Borden,Howard
Borden,Lynn
Borden,Martin
Borden,Mitchell
Borden,Scurry
Bosque,Bosque
Bosque,Coryell
Bosque,Erath
Bosque,Hamilton
Bosque,Hill
Bosque,Johnson
Bosque,McLennan
Bosque,Somervell
Bowie,
Bowie,
Bowie,
Bowie,Bowie
Bowie,Cass
Bowie,Morris
Bowie,Red River
Brazoria,Brazoria
Brazoria,Fort Bend
Brazoria,Galveston
Brazoria,Harris
Brazoria,Matagorda
Brazoria,Wharton
Brazos,Brazos
Brazos,Burleson
Brazos,Grimes
Brazos,Leon
Brazos,Madison
Brazos,Robertson
Brazos,Washington
Brewster,Brewster
Brewster,Jeff Davis
Brewster,Pecos
Brewster,Presidio
Brewster,Terrell
Briscoe,Armstrong
Briscoe,Briscoe
Briscoe,Donley
Briscoe,Floyd
Briscoe,Hall
Briscoe,Motley
Briscoe,Swisher
Brooks,Brooks
Brooks,Duval
Brooks,Hidalgo
Brooks,Jim Hogg
Brooks,Jim Wells
Brooks,Kenedy
Brooks,Kleberg
Brooks,Starr
Brown,Brown
Brown,Callahan
Brown,Coleman
Brown,Comanche
Brown,Eastland
Brown,McCulloch
Brown,Mills
Brown,San Saba
Burleson,Brazos
Burleson,Burleson
Burleson,Lee
Burleson,Milam
Burleson,Robertson
Burleson,Washington
Burnet,Bell
Burnet,Blanco
Burnet,Burnet
Burnet,Lampasas
Burnet,Llano
Burnet,San Saba
Burnet,Travis
Burnet,Williamson
Caldwell,Bastrop
Caldwell,Caldwell
Caldwell,Fayette
Caldwell,Gonzales
Caldwell,Guadalupe
Caldwell,Hays
Caldwell,Travis
Calhoun,Aransas
Calhoun,Calhoun
Calhoun,Jackson
Calhoun,Matagorda
Calhoun,Refugio
Calhoun,Victoria
Callahan,Brown
Callahan,Callahan
Callahan,Coleman
Callahan,Eastland
Callahan,Jones
Callahan,Shackelford
Callahan,Taylor
Cameron,Cameron
Cameron,Hidalgo
Cameron,Willacy
Camp,Camp
Camp,Franklin
Camp,Morris
Camp,Titus
Camp,Upshur
Camp,Wood
Carson,Armstrong
Carson,Carson
Carson,Donley
Carson,Gray
Carson,Hutchinson
Carson,Moore
Carson,Potter
Carson,Randall
Carson,Roberts
Cass,
Cass,
Cass,Bowie
Cass,Cass
Cass,Marion
Cass,Morris
Castro,Castro
Castro,Deaf Smith
Castro,Hale
Castro,Lamb
Castro,Parmer
Castro,Randall
Castro,Swisher
Chambers,Chambers
Chambers,Galveston
Chambers,Harris
Chambers,Jefferson
Chambers,Liberty
Cherokee,Anderson
Cherokee,Angelina
Cherokee,Cherokee
Cherokee,Henderson
Cherokee,Houston
Cherokee,Nacogdoches
Cherokee,Rusk
Cherokee,Smith
Childress,
Childress,Childress
Childress,Collingsworth
Childress,Cottle
Childress,Hall
Childress,Hardeman
Clay,
Clay,
Clay,Archer
Clay,Clay
Clay,Jack
Clay,Montague
Clay,Wichita
Cochran,
Cochran,
Cochran,Bailey
Cochran,Cochran
Cochran,Hockley
Cochran,Lamb
Cochran,Terry
Cochran,Yoakum
Coke,Coke
Coke,Mitchell
Coke,Nolan
Coke,Runnels
Coke,Sterling
Coke,Tom Green
Coleman,Brown
Coleman,Callahan
Coleman,Coleman
Coleman,Concho
Coleman,McCulloch
Coleman,Runnels
Coleman,Taylor
Collin,Collin
Collin,Dallas
Collin,Denton
Collin,Fannin
Collin,Grayson
Collin,Hunt
Collin,Rockwall
Collingsworth,
Collingsworth,
Collingsworth,Childress
Collingsworth,Collingsworth
Collingsworth,Donley
Collingsworth,Gray
Collingsworth,Hall
Collingsworth,Wheeler
Colorado,Austin
Colorado,Colorado
Colorado,Fayette
Colorado,Jackson
Colorado,Lavaca
Colorado,Wharton
Comal,Bexar
Comal,Blanco
Comal,Comal
Comal,Guadalupe
Comal,Hays
Comal,Kendall
Comanche,Brown
Comanche,Comanche
Comanche,Eastland
Comanche,Erath
Comanche,Hamilton
Comanche,Mills
Concho,Coleman
Concho,Concho
Concho,McCulloch
Concho,Menard
Concho,Runnels
Concho,Schleicher
Concho,Tom Green
Cooke,
Cooke,Cooke
Cooke,Denton
Cooke,Grayson
Cooke,Montague
Cooke,Wise
Coryell,Bell
Coryell,Bosque
Coryell,Coryell
Coryell,Hamilton
Coryell,Lampasas
Coryell,McLennan
Cottle,Childress
Cottle,Cottle
Cottle,Dickens
Cottle,Foard
Cottle,Hall
Cottle,Hardeman
Cottle,King
Cottle,Motley
Crane,Crane
Crane,Crockett
Crane,Ector
Crane,Pecos
Crane,Upton
Crane,Ward
Crockett,Crane
Crockett,Crockett
Crockett,Irion
Crockett,Pecos
Crockett,Reagan
Crockett,Schleicher
Crockett,Sutton
Crockett,Terrell
Crockett,Upton
Crockett,Val Verde
Crosby,Crosby
Crosby,Dickens
Crosby,Floyd
Crosby,Garza
Crosby,Hale
Crosby,Kent
Crosby,Lubbock
Crosby,Lynn
Crosby,Motley
Culberson,
Culberson,
Culberson,Culberson
Culberson,Hudspeth
Culberson,Jeff Davis
Culberson,Reeves
Dallam,
Dallam,
Dallam,Dallam
Dallam,Hartley
Dallam,Moore
Dallam,Sherman
Dallas,Collin
Dallas,Dallas
Dallas,Denton
Dallas,Ellis
Dallas,Kaufman
Dallas,Rockwall
Dallas,Tarrant
Dawson,Borden
Dawson,Dawson
Dawson,Gaines
Dawson,Howard
Dawson,Lynn
Dawson,Martin
Dawson,Terry
Deaf Smith,
Deaf Smith,
Deaf Smith,Castro
Deaf Smith,Deaf Smith
Deaf Smith,Oldham
Deaf Smith,Parmer
Deaf Smith,Potter
Deaf Smith,Randall
Delta,Delta
Delta,Fannin
Delta,Franklin
Delta,Hopkins
Delta,Hunt
Delta,Lamar
Delta,Red River
Denton,Collin
Denton,Cooke
Denton,Dallas
Denton,Denton
Denton,Grayson
Denton,Tarrant
Denton,Wise
DeWitt,DeWitt
DeWitt,Goliad
DeWitt,Gonzales
DeWitt,Karnes
DeWitt,Lavaca
DeWitt,Victoria
Dickens,Cottle
Dickens,Crosby
Dickens,Dickens
Dickens,Floyd
Dickens,Garza
Dickens,Kent
Dickens,King
Dickens,Motley
Dickens,Stonewall
Dimmit,Dimmit
Dimmit,Frio
Dimmit,La Salle
Dimmit,Maverick
Dimmit,Webb
Dimmit,Zavala
Donley,Armstrong
Donley,Briscoe
Donley,Carson
Donley,Collingsworth
Donley,Donley
Donley,Gray
Donley,Hall
Donley,Wheeler
Duval,Brooks
Duval,Duval
Duval,Jim Hogg
Duval,Jim Wells
Duval,La Salle
Duval,Live Oak
Duval,McMullen
Duval,Webb
Eastland,Brown
Eastland,Callahan
Eastland,Comanche
Eastland,Eastland
Eastland,Erath
Eastland,Palo Pinto
Eastland,Shackelford
Eastland,Stephens
Ector,Andrews
Ector,Crane
Ector,Ector
Ector,Midland
Ector,Upton
Ector,Ward
Ector,Winkler
Edwards,Edwards
Edwards,Kerr
Edwards,Kimble
Edwards,Kinney
Edwards,Real
Edwards,Sutton
Edwards,Uvalde
Edwards,Val Verde
Ellis,Dallas
Ellis,Ellis
Ellis,Henderson
Ellis,Hill
Ellis,Johnson
Ellis,Kaufman
Ellis,Navarro
Ellis,Tarrant
El Paso,
El Paso,
El Paso,El Paso
El Paso,Hudspeth
Erath,Bosque
Erath,Comanche
Erath,Eastland
Erath,Erath
Erath,Hamilton
Erath,Hood
Erath,Palo Pinto
Erath,Somervell
Falls,Bell
Falls,Falls
Falls,Limestone
Falls,McLennan
Falls,Milam
Falls,Robertson
Fannin,
Fannin,Collin
Fannin,Delta
Fannin,Fannin
Fannin,Grayson
Fannin,Hunt
Fannin,Lamar
Fayette,Austin
Fayette,Bastrop
Fayette,Caldwell
Fayette,Colorado
Fayette,Fayette
Fayette,Gonzales
Fayette,Lavaca
Fayette,Lee
Fayette,Washington
Fisher,Fisher
Fisher,Jones
Fisher,Kent
Fisher,Mitchell
Fisher,Nolan
Fisher,Scurry
Fisher,Stonewall
Fisher,Taylor
Floyd,Briscoe
Floyd,Crosby
Floyd,Dickens
Floyd,Floyd
Floyd,Hale
Floyd,Lubbock
Floyd,Motley
Floyd,Swisher
Foard,Baylor
Foard,Cottle
Foard,Foard
Foard,Hardeman
Foard,King
Foard,Knox
Foard,Wilbarger
Fort Bend,Austin
Fort Bend,Brazoria
Fort Bend,Fort Bend
Fort Bend,Harris
Fort Bend,Waller
Fort Bend,Wharton
Franklin,Camp
Franklin,Delta
Franklin,Franklin
Franklin,Hopkins
Franklin,Red River
Franklin,Titus
Franklin,Wood
Freestone,Anderson
Freestone,Freestone
Freestone,Henderson
Freestone,Leon
Freestone,Limestone
Freestone,Navarro
Frio,Atascosa
Frio,Dimmit
Frio,Frio
Frio,La Salle
Frio,Medina
Frio,Uvalde
Frio,Zavala
Gaines,
Gaines,Andrews
Gaines,Dawson
Gaines,Gaines
Gaines,Martin
Gaines,Terry
Gaines,Yoakum
Galveston,Brazoria
Galveston,Chambers
Galveston,Galveston
Galveston,Harris
Garza,Borden
Garza,Crosby
Garza,Dickens
Garza,Garza
Garza,Kent
Garza,Lubbock
Garza,Lynn
Garza,Scurry
Gillespie,Blanco
Gillespie,Gillespie
Gillespie,Kendall
Gillespie,Kerr
Gillespie,Kimble
Gillespie,Llano
Gillespie,Mason
Glasscock,Glasscock
Glasscock,Howard
Glasscock,Martin
Glasscock,Midland
Glasscock,Reagan
Glasscock,Sterling
Glasscock,Upton
Goliad,Bee
Goliad,DeWitt
Goliad,Goliad
Goliad,Karnes
Goliad,Refugio
Goliad,Victoria
Gonzales,Caldwell
Gonzales,DeWitt
Gonzales,Fayette
Gonzales,Gonzales
Gonzales,Guadalupe
Gonzales,Karnes
Gonzales,Lavaca
Gonzales,Wilson
Gray,Armstrong
Gray,Carson
Gray,Collingsworth
Gray,Donley
Gray,Gray
Gray,Hemphill
Gray,Roberts
Gray,Wheeler
Grayson,
Grayson,
Grayson,
Grayson,Collin
Grayson,Cooke
Grayson,Denton
Grayson,Fannin
Grayson,Grayson
Gregg,Gregg
Gregg,Harrison
Gregg,Rusk
Gregg,Smith
Gregg,Upshur
Grimes,Brazos
Grimes,Grimes
Grimes,Madison
Grimes,Montgomery
Grimes,Walker
Grimes,Waller
Grimes,Washington
Guadalupe,Bexar
Guadalupe,Caldwell
Guadalupe,Comal
Guadalupe,Gonzales
Guadalupe,Guadalupe
Guadalupe,Hays
Guadalupe,Wilson
Hale,Castro
Hale,Crosby
Hale,Floyd
Hale,Hale
Hale,Hockley
Hale,Lamb
Hale,Lubbock
Hale,Swisher
Hall,Briscoe
Hall,Childress
Hall,Collingsworth
Hall,Cottle
Hall,Donley
Hall,Hall
Hall,Motley
Hamilton,Bosque
Hamilton,Comanche
Hamilton,Coryell
Hamilton,Erath
Hamilton,Hamilton
Hamilton,Lampasas
Hamilton,Mills
Hansford,
Hansford,Hansford
Hansford,Hutchinson
Hansford,Moore
Hansford,Ochiltree
Hansford,Roberts
Hansford,Sherman
Hardeman,
Hardeman,
Hardeman,Childress
Hardeman,Cottle
Hardeman,Foard
Hardeman,Hardeman
Hardeman,Wilbarger
Hardin,Hardin
Hardin,Jasper
Hardin,Jefferson
Hardin,Liberty
Hardin,Orange
Hardin,Polk
Hardin,Tyler
Harris,Brazoria
Harris,Chambers
Harris,Fort Bend
Harris,Galveston
Harris,Harris
Harris,Liberty
Harris,Montgomery
Harris,Waller
Harrison,
Harrison,Gregg
Harrison,Harrison
Harrison,Marion
Harrison,Panola
Harrison,Rusk
Harrison,Upshur
Hartley,
Hartley,
Hartley,Dallam
Hartley,Hartley
Hartley,Moore
Hartley,Oldham
Hartley,Sherman
Haskell,Baylor
Haskell,Haskell
Haskell,Jones
Haskell,King
Haskell,Knox
Haskell,Shackelford
Haskell,Stonewall
Haskell,Throckmorton
Hays,Blanco
Hays,Caldwell
Hays,Comal
Hays,Guadalupe
Hays,Hays
Hays,Travis
Hemphill,
Hemphill,
Hemphill,Gray
Hemphill,Hemphill
Hemphill,Lipscomb
Hemphill,Roberts
Hemphill,Wheeler
Henderson,Anderson
Henderson,Cherokee
Henderson,Ellis
Henderson,Freestone
Henderson,Henderson
Henderson,Kaufman
Henderson,Navarro
Henderson,Smith
Henderson,Van Zandt
Hidalgo,Brooks
Hidalgo,Cameron
Hidalgo,Hidalgo
Hidalgo,Kenedy
Hidalgo,Starr
Hidalgo,Willacy
Hill,Bosque
Hill,Ellis
Hill,Hill
Hill,Johnson
Hill,Limestone
Hill,McLennan
Hill,Navarro
Hockley,Bailey
Hockley,Cochran
Hockley,Hale
Hockley,Hockley
Hockley,Lamb
Hockley,Lubbock
Hockley,Lynn
Hockley,Terry
Hockley,Yoakum
Hood,Erath
Hood,Hood
Hood,Johnson
Hood,Palo Pinto
Hood,Parker
Hood,Somervell
Hopkins,Delta
Hopkins,Franklin
Hopkins,Hopkins
Hopkins,Hunt
Hopkins,Rains
Hopkins,Wood
Houston,Anderson
Houston,Angelina
Houston,Cherokee
Houston,Houston
Houston,Leon
Houston,Madison
Houston,Trinity
Houston,Walker
Howard,Borden
Howard,Dawson
Howard,Glasscock
Howard,Howard
Howard,Martin
Howard,Mitchell
Howard,Sterling
Hudspeth,
Hudspeth,Culberson
Hudspeth,El Paso
Hudspeth,Hudspeth
Hudspeth,Jeff Davis
Hudspeth,Presidio
Hunt,Collin
Hunt,Delta
Hunt,Fannin
Hunt,Hopkins
Hunt,Hunt
Hunt,Kaufman
Hunt,Rains
Hunt,Rockwall
Hunt,Van Zandt
Hutchinson,Carson
Hutchinson,Hansford
Hutchinson,Hutchinson
Hutchinson,Moore
Hutchinson,Roberts
Hutchinson,Sherman
Irion,Crockett
Irion,Irion
Irion,Reagan
Irion,Schleicher
Irion,Tom Green
Jack,Archer
Jack,Clay
Jack,Jack
Jack,Montague
Jack,Palo Pinto
Jack,Parker
Jack,Wise
Jack,Young
Jackson,Calhoun
Jackson,Colorado
Jackson,Jackson
Jackson,Lavaca
Jackson,Matagorda
Jackson,Victoria
Jackson,Wharton
Jasper,Angelina
Jasper,Hardin
Jasper,Jasper
Jasper,Newton
Jasper,Orange
Jasper,Sabine
Jasper,San Augustine
Jasper,Tyler
Jeff Davis,Brewster
Jeff Davis,Culberson
Jeff Davis,Hudspeth
Jeff Davis,Jeff Davis
Jeff Davis,Pecos
Jeff Davis,Presidio
Jeff Davis,Reeves
Jefferson,
Jefferson,Chambers
Jefferson,Hardin
Jefferson,Jefferson
Jefferson,Liberty
Jefferson,Orange
Jim Hogg,Brooks
Jim Hogg,Duval
Jim Hogg,Jim Hogg
Jim Hogg,Starr
Jim Hogg,Webb
Jim Hogg,Zapata
Jim Wells,Brooks
Jim Wells,Duval
Jim Wells,Jim Wells
Jim Wells,Kleberg
Jim Wells,Live Oak
Jim Wells,Nueces
Jim Wells,San Patricio
Johnson,Bosque
Johnson,Ellis
Johnson,Hill
Johnson,Hood
Johnson,Johnson
Johnson,Parker
Johnson,Somervell
Johnson,Tarrant
Jones,Callahan
Jones,Fisher
Jones,Haskell
Jones,Jones
Jones,Nolan
Jones,Shackelford
Jones,Stonewall
Jones,Taylor
Karnes,Atascosa
Karnes,Bee
Karnes,DeWitt
Karnes,Goliad
Karnes,Gonzales
Karnes,Karnes
Karnes,Live Oak
Karnes,Wilson
Kaufman,Dallas
Kaufman,Ellis
Kaufman,Henderson
Kaufman,Hunt
Kaufman,Kaufman
Kaufman,Rockwall
Kaufman,Van Zandt
Kendall,Bandera
Kendall,Bexar
Kendall,Blanco
Kendall,Comal
Kendall,Gillespie
Kendall,Kendall
Kendall,Kerr
Kenedy,Brooks
Kenedy,Hidalgo
Kenedy,Kenedy
Kenedy,Kleberg
Kenedy,Willacy
Kent,Crosby
Kent,Dickens
Kent,Fisher
Kent,Garza
Kent,Kent
Kent,King
Kent,Scurry
Kent,Stonewall
Kerr,Bandera
Kerr,Edwards
Kerr,Gillespie
Kerr,Kendall
Kerr,Kerr
Kerr,Kimble
Kerr,Real
Kimble,Edwards
Kimble,Gillespie
Kimble,Kerr
Kimble,Kimble
Kimble,Mason
Kimble,Menard
Kimble,Schleicher
Kimble,Sutton
King,Cottle
King,Dickens
King,Foard
King,Haskell
King,Kent
King,King
King,Knox
King,Motley
King,Stonewall
Kinney,Edwards
Kinney,Kinney
Kinney,Maverick
Kinney,Uvalde
Kinney,Val Verde
Kinney,Zavala
Kleberg,Brooks
Kleberg,Jim Wells
Kleberg,Kenedy
Kleberg,Kleberg
Kleberg,Nueces
Knox,Baylor
Knox,Foard
Knox,Haskell
Knox,King
Knox,Knox
Knox,Stonewall
Knox,Throckmorton
Lamar,
Lamar,
Lamar,Delta
Lamar,Fannin
Lamar,Lamar
Lamar,Red River
Lamb,Bailey
Lamb,Castro
Lamb,Cochran
Lamb,Hale
Lamb,Hockley
Lamb,Lamb
Lamb,Lubbock
Lamb,Parmer
Lampasas,Bell
Lampasas,Burnet
Lampasas,Coryell
Lampasas,Hamilton
Lampasas,Lampasas
Lampasas,Mills
Lampasas,San Saba
La Salle,Atascosa
La Salle,Dimmit
La Salle,Duval
La Salle,Frio
La Salle,La Salle
La Salle,McMullen
La Salle,Webb
Lavaca,Colorado
Lavaca,DeWitt
Lavaca,Fayette
Lavaca,Gonzales
Lavaca,Jackson
Lavaca,Lavaca
Lavaca,Victoria
Lee,Bastrop
Lee,Burleson
Lee,Fayette
Lee,Lee
Lee,Milam
Lee,Washington
Lee,Williamson
Leon,Anderson
Leon,Brazos
Leon,Freestone
Leon,Houston
Leon,Leon
Leon,Limestone
Leon,Madison
Leon,Robertson
Liberty,Chambers
Liberty,Hardin
Liberty,Harris
Liberty,Jefferson
Liberty,Liberty
Liberty,Montgomery
Liberty,Polk
Liberty,San Jacinto
Limestone,Falls
Limestone,Freestone
Limestone,Hill
Limestone,Leon
Limestone,Limestone
Limestone,McLennan
Limestone,Navarro
Limestone,Robertson
Lipscomb,
Lipscomb,
Lipscomb,Hemphill
Lipscomb,Lipscomb
Lipscomb,Ochiltree
Lipscomb,Roberts
Live Oak,Atascosa
Live Oak,Bee
Live Oak,Duval
Live Oak,Jim Wells
Live Oak,Karnes
Live Oak,Live Oak
Live Oak,McMullen
Live Oak,San Patricio
Llano,Blanco
Llano,Burnet
Llano,Gillespie
Llano,Llano
Llano,Mason
Llano,San Saba
Loving,
Loving,
Loving,Loving
Loving,Reeves
Loving,Ward
Loving,Winkler
Lubbock,Crosby
Lubbock,Floyd
Lubbock,Garza
Lubbock,Hale
Lubbock,Hockley
Lubbock,Lamb
Lubbock,Lubbock
Lubbock,Lynn
Lubbock,Terry
Lynn,Borden
Lynn,Crosby
Lynn,Dawson
Lynn,Garza
Lynn,Hockley
Lynn,Lubbock
Lynn,Lynn
Lynn,Terry
McCulloch,Brown
McCulloch,Coleman
McCulloch,Concho
McCulloch,McCulloch
McCulloch,Mason
McCulloch,Menard
McCulloch,San Saba
McLennan,Bell
McLennan,Bosque
McLennan,Coryell
McLennan,Falls
McLennan,Hill
McLennan,Limestone
McLennan,McLennan
McMullen,Atascosa
McMullen,Duval
McMullen,La Salle
McMullen,Live Oak
McMullen,McMullen
McMullen,Webb
Madison,Brazos
Madison,Grimes
Madison,Houston
Madison,Leon
Madison,Madison
Madison,Robertson
Madison,Walker
Marion,
Marion,Cass
Marion,Harrison
Marion,Marion
Marion,Morris
Marion,Upshur
Martin,Andrews
Martin,Borden
Martin,Dawson
Martin,Gaines
Martin,Glasscock
Martin,Howard
Martin,Martin
Martin,Midland
Mason,Gillespie
Mason,Kimble
Mason,Llano
Mason,McCulloch
Mason,Mason
Mason,Menard
Mason,San Saba
Matagorda,Brazoria
Matagorda,Calhoun
Matagorda,Jackson
Matagorda,Matagorda
Matagorda,Wharton
Maverick,Dimmit
Maverick,Kinney
Maverick,Maverick
Maverick,Uvalde
Maverick,Webb
Maverick,Zavala
Medina,Atascosa
Medina,Bandera
Medina,Bexar
Medina,Frio
Medina,Medina
Medina,Uvalde
Medina,Zavala
Menard,Concho
Menard,Kimble
Menard,McCulloch
Menard,Mason
Menard,Menard
Menard,Schleicher
Menard,Sutton
Menard,Tom Green
Midland,Andrews
Midland,Ector
Midland,Glasscock
Midland,Martin
Midland,Midland
Midland,Reagan
Midland,Upton
Milam,Bell
Milam,Burleson
Milam,Falls
Milam,Lee
Milam,Milam
Milam,Robertson
Milam,Williamson
Mills,Brown
Mills,Comanche
Mills,Hamilton
Mills,Lampasas
Mills,Mills
Mills,San Saba
Mitchell,Borden
Mitchell,Coke
Mitchell,Fisher
Mitchell,Howard
Mitchell,Mitchell
Mitchell,Nolan
Mitchell,Scurry
Mitchell,Sterling
Montague,
Montague,
Montague,Clay
Montague,Cooke
Montague,Jack
Montague,Montague
Montague,Wise
Montgomery,Grimes
Montgomery,Harris
Montgomery,Liberty
Montgomery,Montgomery
Montgomery,San Jacinto
Montgomery,Walker
Montgomery,Waller
Moore,Carson
Moore,Dallam
Moore,Hansford
Moore,Hartley
Moore,Hutchinson
Moore,Moore
Moore,Oldham
Moore,Potter
Moore,Sherman
Morris,Bowie
Morris,Camp
Morris,Cass
Morris,Marion
Morris,Morris
Morris,Red River
Morris,Titus
Morris,Upshur
Motley,Briscoe
Motley,Cottle
Motley,Crosby
Motley,Dickens
Motley,Floyd
Motley,Hall
Motley,King
Motley,Motley
Nacogdoches,Angelina
Nacogdoches,Cherokee
Nacogdoches,Nacogdoches
Nacogdoches,Rusk
Nacogdoches,San Augustine
Nacogdoches,Shelby
Navarro,Ellis
Navarro,Freestone
Navarro,Henderson
Navarro,Hill
Navarro,Limestone
Navarro,Navarro
Newton,
Newton,
Newton,
Newton,
Newton,Jasper
Newton,Newton
Newton,Orange
Newton,Sabine
Nolan,Coke
Nolan,Fisher
Nolan,Jones
Nolan,Mitchell
Nolan,Nolan
Nolan,Runnels
Nolan,Scurry
Nolan,Taylor
Nueces,Aransas
Nueces,Jim Wells
Nueces,Kleberg
Nueces,Nueces
Nueces,San Patricio
Ochiltree,
Ochiltree,
Ochiltree,Hansford
Ochiltree,Lipscomb
Ochiltree,Ochiltree
Ochiltree,Roberts
Oldham,
Oldham,Deaf Smith
Oldham,Hartley
Oldham,Moore
Oldham,Oldham
Oldham,Potter
Oldham,Randall
Orange,
Orange,
Orange,Hardin
Orange,Jasper
Orange,Jefferson
Orange,Newton
Orange,Orange
Palo Pinto,Eastland
Palo Pinto,Erath
Palo Pinto,Hood
Palo Pinto,Jack
Palo Pinto,Palo Pinto
Palo Pinto,Parker
Palo Pinto,Stephens
Palo Pinto,Young
Panola,
Panola,
Panola,Harrison
Panola,Panola
Panola,Rusk
Panola,Shelby
Parker,Hood
Parker,Jack
Parker,Johnson
Parker,Palo Pinto
Parker,Parker
Parker,Tarrant
Parker,Wise
Parmer,
Parmer,Bailey
Parmer,Castro
Parmer,Deaf Smith
Parmer,Lamb
Parmer,Parmer
Pecos,Brewster
Pecos,Crane
Pecos,Crockett
Pecos,Jeff Davis
Pecos,Pecos
Pecos,Reeves
Pecos,Terrell
Pecos,Ward
Polk,Angelina
Polk,Hardin
Polk,Liberty
Polk,Polk
Polk,San Jacinto
Polk,Trinity
Polk,Tyler
Potter,Armstrong
Potter,Carson
Potter,Deaf Smith
Potter,Moore
Potter,Oldham
Potter,Potter
Potter,Randall
Presidio,Brewster
Presidio,Hudspeth
Presidio,Jeff Davis
Presidio,Presidio
Rains,Hopkins
Rains,Hunt
Rains,Rains
Rains,Van Zandt
Rains,Wood
Randall,Armstrong
Randall,Carson
Randall,Castro
Randall,Deaf Smith
Randall,Oldham
Randall,Potter
Randall,Randall
Randall,Swisher
Reagan,Crockett
Reagan,Glasscock
Reagan,Irion
Reagan,Midland
Reagan,Reagan
Reagan,Sterling
Reagan,Tom Green
Reagan,Upton
Real,Bandera
Real,Edwards
Real,Kerr
Real,Real
Real,Uvalde
Red River,
Red River,
Red River,Bowie
Red River,Delta
Red River,Franklin
Red River,Lamar
Red River,Morris
Red River,Red River
Red River,Titus
Reeves,
Reeves,Culberson
Reeves,Jeff Davis
Reeves,Loving
Reeves,Pecos
Reeves,Reeves
Reeves,Ward
Refugio,Aransas
Refugio,Bee
Refugio,Calhoun
Refugio,Goliad
Refugio,Refugio
Refugio,San Patricio
Refugio,Victoria
Roberts,Carson
Roberts,Gray
Roberts,Hansford
Roberts,Hemphill
Roberts,Hutchinson
Roberts,Lipscomb
Roberts,Ochiltree
Roberts,Roberts
Roberts,Wheeler
Robertson,Brazos
Robertson,Burleson
Robertson,Falls
Robertson,Leon
Robertson,Limestone
Robertson,Madison
Robertson,Milam
Robertson,Robertson
Rockwall,Collin
Rockwall,Dallas
Rockwall,Hunt
Rockwall,Kaufman
Rockwall,Rockwall
Runnels,Coke
Runnels,Coleman
Runnels,Concho
Runnels,Nolan
Runnels,Runnels
Runnels,Taylor
Runnels,Tom Green
Rusk,Cherokee
Rusk,Gregg
Rusk,Harrison
Rusk,Nacogdoches
Rusk,Panola
Rusk,Rusk
Rusk,Shelby
Rusk,Smith
Sabine,
Sabine,Jasper
Sabine,Newton
Sabine,Sabine
Sabine,San Augustine
Sabine,Shelby
San Augustine,Angelina
San Augustine,Jasper
San Augustine,Nacogdoches
San Augustine,Sabine
San Augustine,San Augustine
San Augustine,Shelby
San Jacinto,Liberty
San Jacinto,Montgomery
San Jacinto,Polk
San Jacinto,San Jacinto
San Jacinto,Trinity
San Jacinto,Walker
San Patricio,Aransas
San Patricio,Bee
San Patricio,Jim Wells
San Patricio,Live Oak
San Patricio,Nueces
San Patricio,Refugio
San Patricio,San Patricio
San Saba,Brown
San Saba,Burnet
San Saba,Lampasas
San Saba,Llano
San Saba,McCulloch
San Saba,Mason
San Saba,Mills
San Saba,San Saba
Schleicher,Concho
Schleicher,Crockett
Schleicher,Irion
Schleicher,Kimble
Schleicher,Menard
Schleicher,Schleicher
Schleicher,Sutton
Schleicher,Tom Green
Scurry,Borden
Scurry,Fisher
Scurry,Garza
Scurry,Kent
Scurry,Mitchell
Scurry,Nolan
Scurry,Scurry
Shackelford,Callahan
Shackelford,Eastland
Shackelford,Haskell
Shackelford,Jones
Shackelford,Shackelford
Shackelford,Stephens
Shackelford,Throckmorton
Shelby,
Shelby,
Shelby,Nacogdoches
Shelby,Panola
Shelby,Rusk
Shelby,Sabine
Shelby,San Augustine
Shelby,Shelby
Sherman,
Sherman,
Sherman,Dallam
Sherman,Hansford
Sherman,Hartley
Sherman,Hutchinson
Sherman,Moore
Sherman,Sherman
Smith,Cherokee
Smith,Gregg
Smith,Henderson
Smith,Rusk
Smith,Smith
Smith,Upshur
Smith,Van Zandt
Smith,Wood
Somervell,Bosque
Somervell,Erath
Somervell,Hood
Somervell,Johnson
Somervell,Somervell
Starr,Brooks
Starr,Hidalgo
Starr,Jim Hogg
Starr,Starr
Starr,Zapata
Stephens,Eastland
Stephens,Palo Pinto
Stephens,Shackelford
Stephens,Stephens
Stephens,Throckmorton
Stephens,Young
Sterling,Coke
Sterling,Glasscock
Sterling,Howard
Sterling,Mitchell
Sterling,Reagan
Sterling,Sterling
Sterling,Tom Green
Stonewall,Dickens
Stonewall,Fisher
Stonewall,Haskell
Stonewall,Jones
Stonewall,Kent
Stonewall,King
Stonewall,Knox
Stonewall,Stonewall
Sutton,Crockett
Sutton,Edwards
Sutton,Kimble
Sutton,Menard
Sutton,Schleicher
Sutton,Sutton
Sutton,Val Verde
Swisher,Armstrong
Swisher,Briscoe
Swisher,Castro
Swisher,Floyd
Swisher,Hale
Swisher,Randall
Swisher,Swisher
Tarrant,Dallas
Tarrant,Denton
Tarrant,Ellis
Tarrant,Johnson
Tarrant,Parker
Tarrant,Tarrant
Tarrant,Wise
Taylor,Callahan
Taylor,Coleman
Taylor,Fisher
Taylor,Jones
Taylor,Nolan
Taylor,Runnels
Taylor,Taylor
Terrell,Brewster
Terrell,Crockett
Terrell,Pecos
Terrell,Terrell
Terrell,Val Verde
Terry,Cochran
Terry,Dawson
Terry,Gaines
Terry,Hockley
Terry,Lubbock
Terry,Lynn
Terry,Terry
Terry,Yoakum
Throckmorton,Archer
Throckmorton,Baylor
Throckmorton,Haskell
Throckmorton,Knox
Throckmorton,Shackelford
Throckmorton,Stephens
Throckmorton,Throckmorton
Throckmorton,Young
Titus,Camp
Titus,Franklin
Titus,Morris
Titus,Red River
Titus,Titus
Tom Green,Coke
Tom Green,Concho
Tom Green,Irion
Tom Green,Menard
Tom Green,Reagan
Tom Green,Runnels
Tom Green,Schleicher
Tom Green,Sterling
Tom Green,Tom Green
Travis,Bastrop
Travis,Blanco
Travis,Burnet
Travis,Caldwell
Travis,Hays
Travis,Travis
Travis,Williamson
Trinity,Angelina
Trinity,Houston
Trinity,Polk
Trinity,San Jacinto
Trinity,Trinity
Trinity,Walker
Tyler,Angelina
Tyler,Hardin
Tyler,Jasper
Tyler,Polk
Tyler,Tyler
Upshur,Camp
Upshur,Gregg
Upshur,Harrison
Upshur,Marion
Upshur,Morris
Upshur,Smith
Upshur,Upshur
Upshur,Wood
Upton,Crane
Upton,Crockett
Upton,Ector
Upton,Glasscock
Upton,Midland
Upton,Reagan
Upton,Upton
Uvalde,Bandera
Uvalde,Edwards
Uvalde,Frio
Uvalde,Kinney
Uvalde,Maverick
Uvalde,Medina
Uvalde,Real
Uvalde,Uvalde
Uvalde,Zavala
Val Verde,Crockett
Val Verde,Edwards
Val Verde,Kinney
Val Verde,Sutton
Val Verde,Terrell
Val Verde,Val Verde
Van Zandt,Henderson
Van Zandt,Hunt
Van Zandt,Kaufman
Van Zandt,Rains
Van Zandt,Smith
Van Zandt,Van Zandt
Van Zandt,Wood
Victoria,Calhoun
Victoria,DeWitt
Victoria,Goliad
Victoria,Jackson
Victoria,Lavaca
Victoria,Refugio
Victoria,Victoria
Walker,Grimes
Walker,Houston
Walker,Madison
Walker,Montgomery
Walker,San Jacinto
Walker,Trinity
Walker,Walker
Waller,Austin
Waller,Fort Bend
Waller,Grimes
Waller,Harris
Waller,Montgomery
Waller,Waller
Waller,Washington
Ward,Crane
Ward,Ector
Ward,Loving
Ward,Pecos
Ward,Reeves
Ward,Ward
Ward,Winkler
Washington,Austin
Washington,Brazos
Washington,Burleson
Washington,Fayette
Washington,Grimes
Washington,Lee
Washington,Waller
Washington,Washington
Webb,Dimmit
Webb,Duval
Webb,Jim Hogg
Webb,La Salle
Webb,McMullen
Webb,Maverick
Webb,Webb
Webb,Zapata
Wharton,Austin
Wharton,Brazoria
Wharton,Colorado
Wharton,Fort Bend
Wharton,Jackson
Wharton,Matagorda
Wharton,Wharton
Wheeler,
Wheeler,
Wheeler,Collingsworth
Wheeler,Donley
Wheeler,Gray
Wheeler,Hemphill
Wheeler,Roberts
Wheeler,Wheeler
Wichita,
Wichita,
Wichita,Archer
Wichita,Baylor
Wichita,Clay
Wichita,Wichita
Wichita,Wilbarger
Wilbarger,
Wilbarger,
Wilbarger,Archer
Wilbarger,Baylor
Wilbarger,Foard
Wilbarger,Hardeman
Wilbarger,Wichita
Wilbarger,Wilbarger
Willacy,Cameron
Willacy,Hidalgo
Willacy,Kenedy
Willacy,Willacy
Williamson,Bastrop
Williamson,Bell
Williamson,Burnet
Williamson,Lee
Williamson,Milam
Williamson,Travis
Williamson,Williamson
Wilson,Atascosa
Wilson,Bexar
Wilson,Gonzales
Wilson,Guadalupe
Wilson,Karnes
Wilson,Wilson
Winkler,
Winkler,Andrews
Winkler,Ector
Winkler,Loving
Winkler,Ward
Winkler,Winkler
Wise,Cooke
Wise,Denton
Wise,Jack
Wise,Montague
Wise,Parker
Wise,Tarrant
Wise,Wise
Wood,Camp
Wood,Franklin
Wood,Hopkins
Wood,Rains
Wood,Smith
Wood,Upshur
Wood,Van Zandt
Wood,Wood
Yoakum,
Yoakum,Cochran
Yoakum,Gaines
Yoakum,Hockley
Yoakum,Terry
Yoakum,Yoakum
Young,Archer
Young,Baylor
Young,Jack
Young,Palo Pinto
Young,Stephens
Young,Throckmorton
Young,Young
Zapata,Jim Hogg
Zapata,Starr
Zapata,Webb
Zapata,Zapata
Zavala,Dimmit
Zavala,Frio
Zavala,Kinney
Zavala,Maverick
Zavala,Medina
Zavala,Uvalde
Zavala,Zavala
